('2.5','regular','Graz - Monaco',15.438266666666667,'GC11PTE','5',47.07091666666667),
('1.5','micro','Der kleine Elefant',15.437533333333333,'GC2HJQN','1',47.07058333333333),
('2.5','micro','Happy Birthday!',15.439533333333333,'GC4MG6P','1.5',47.07143333333333),
('1','other','Die l√§ngste Nacht des Jahres (2016) ',15.4365,'GC6WC2C','1',47.070883333333335),
('1.5','micro','360¬∞ Graz - Kastner & √ñhler Skywalk',15.437066666666666,'GC2H2AX','1.5',47.0718),
('3','small','Artistical Variations',15.440483333333333,'GCDCD9','3',47.071283333333334),
('3.5','micro','Kreuzltest',15.436416666666666,'GC20AFX','1.5',47.07188333333333),
('2.5','micro','Church-Challenge #9: Stiegenkirche',15.439166666666667,'GC6TM1N','3',47.07253333333333),
('1.5','regular','R2 Murradweg Graz - Radkersburg',15.4356,'GC1WGDC','3',47.069716666666665),
('1','micro','Lovelocks in Graz - LiG',15.435033333333333,'GC3H9K4','1',47.07096666666666),
('2.5','small','Schlossberg Letterbox',15.436666666666667,'GC2PH04','3',47.07308333333334),
('4','small','NachtRadln in Graz',15.4345,'GC1FJTN','2',47.07086666666667),
('2','other','Schlossberg - Geology',15.436966666666667,'GC6VC6Q','1.5',47.07326666666667),
('1.5','not','A Mausoleum of three Eras',15.44215,'GC20AQM','1',47.0717),
('2.5','small','Universalmuseum Joanneum Graz',15.438083333333333,'GC4T10J','1.5',47.06805),
('2','micro','Insel in der Mur',15.43465,'GCZNBE','1.5',47.07301666666667),
('3','micro','Gut besch√ºtzt',15.441833333333333,'GC5NT7E','2',47.06828333333333),
('4','regular','Piep NG - das Plagiat',15.440766666666667,'GC50ZK1','2',47.074416666666664),
('2.5','micro','Jardin du ch√¢teau fort',15.4437,'GCWHF9','1.5',47.072316666666666),
('2','micro','Johann-Joseph-Fux-Konservatorium Graz',15.434416666666667,'GC399B6','1',47.0676),
('2.5','micro','Zahlen, Bitte!',15.437666666666667,'GCTQ91','2.5',47.06666666666667),
('4','other','Datenradio',15.433216666666667,'GC29KC3','1',47.068333333333335),
('1.5','micro','K√ºnstlerhaus',15.444383333333333,'GC6EVM7','1.5',47.07176666666667),
('4.5','micro','Piep NG',15.440266666666666,'GC4FBWW','1',47.07491666666667),
('3','micro','CLR#03: Alpha & Omega',15.432,'GC5YX04','1.5',47.069833333333335),
('3.5','small','04 Water',15.445,'GCJGAE','2.5',47.072833333333335),
('5','small','Der Schatz des Horus',15.437216666666666,'GC3WMQB','1.5',47.07595),
('4','micro','Baeume in Graz (Stadtpark) - BiG',15.445683333333333,'GC2V7EG','1.5',47.069383333333334),
('4','small','?',15.443916666666667,'GC48346','2.5',47.07475),
('1.5','micro','Orpheum Graz',15.430416666666666,'GC33JHZ','1',47.07203333333333),
('3.5','virtual','A Walk to the Past - Virtual Bonus Cache',15.43,'GCGWG5','1.5',47.07),
('3','micro','Die goldene Kanonenkugel',15.4465,'GC2Q884','1.5',47.069833333333335),
('3','micro','ON EN 1906',15.431616666666667,'GC1C047','1',47.07438333333333),
('3','micro','Zweierbeziehung',15.438,'GC2373W','1.5',47.07666666666667),
('2','small','Graz - Sightseeing',15.446483333333333,'GC27MWM','1.5',47.072583333333334),
('2','micro','Tausende flanieren...',15.444683333333334,'GC4R7Z8','1.5',47.06686666666667),
('2.5','small',''Der Grazer Schlo√überg'',15.437266666666666,'GC6JKMC','2',47.07673333333334),
('3','micro','Das komische ->x',15.429083333333333,'GC2NX3W','1.5',47.06956666666667),
('2','small','Top Of Dolomite ',15.43705,'GCKGD5','2',47.07716666666666),
('3','micro','le d√©tail dangereux',15.430933333333334,'GC2N0GZ','1',47.07488333333333),
('3.5','micro','DeadDrops',15.440966666666666,'GC2N0KC','2',47.064616666666666),
('2','small','Schlossberg: His(_s)tory!',15.437116666666666,'GC1VCKY','2',47.077283333333334),
('3','micro','It****s a Man****s Cache',15.4478,'GC2ZG8B','1.5',47.0722),
('2','regular','Elise-Steininger-Steg',15.433683333333333,'GC265F8','5',47.076816666666666),
('3','micro','le d√©tail propre',15.435016666666666,'GC41BTQ','1.5',47.06418333333333),
('3.5','micro','The Dark Side of Schlossberg',15.434233333333333,'GC1VVZJ','2',47.07726666666667),
('2','small','City Walk',15.44195,'GC17D0Q','2',47.0774),
('2.5','small','Graz per Rad #3',15.427433333333333,'GC649W8','1.5',47.07115),
('3','small','Graz von oben',15.43745,'GC4RF7E','2.5',47.07825),
('3','micro','harrylime - Ausgesetzt in Graz',15.434416666666667,'GC4RMRH','3',47.06375),
('1','other','1.Grazer GIFF im Rechbauer-Kino',15.449333333333334,'GC6TTPN','1',47.069916666666664),
('2','micro','Erzherzogs Palais!',15.449233333333334,'GC439K1','1.5',47.072383333333335),
('1.5','other','Anpfiff',15.439666666666668,'GC236K2','1.5',47.07848333333333),
('2','small','Die Karlau',15.431683333333334,'GC3B4XC','2',47.064433333333334),
('4','micro','Almod√≥var',15.42675,'GC6BPXF','1.5',47.07096666666666),
('2.5','micro','Prominenz hinterm Glacis',15.443533333333333,'GC6WJ90','1.5',47.07788333333333),
('3','small','Geidorf Walk - Unusual Closeups',15.44565,'GC6QD4H','1.5',47.07726666666667),
('1.5','micro','Ortweinplatz',15.444216666666666,'GC45E1F','2',47.063433333333336),
('1.5','micro','Partytower',15.449166666666667,'GC6J0ZE','1.5',47.074783333333336),
('3','micro','¬ß75 StGB',15.441416666666667,'GCWVNX','2',47.07893333333333),
('1.5','small','200 Jahre TU Graz',15.450483333333333,'GC34NMP','1.5',47.06946666666666),
('2.5','regular','Geidorf Walk - All just facade',15.440616666666667,'GC442W5','1.5',47.07938333333333),
('4.5','micro','Centroid of GRAZ - CoG',15.432333333333334,'GC22V5A','1.5',47.07866666666666),
('2','micro','Church-Challenge #3: Kreuzkirche',15.425316666666667,'GC6R422','1.5',47.07351666666667),
('2.5','micro','Annenstra√üe Graz',15.424516666666667,'GC4PTJM','1.5',47.07145),
('4.5','micro','Apotheken in Graz - AiG',15.432,'GC2MYDP','1.5',47.0793),
('2','micro','Geidorf Walk - Scenery and Nudity',15.434766666666667,'GC62PX3','1.5',47.08031666666667),
('2.5','small','Rede-ver-wendungen',15.449316666666666,'GC1JRTM','1',47.0775),
('2.5','other','Nur eine Ziffer - das Plagiat',15.448333333333334,'GC4GC38','1.5',47.07833333333333),
('1.5','micro','Gr√ºner Parkriese',15.434616666666667,'GC5TPZ3','2',47.06075),
('4','micro','Postleidzahl',15.42335,'GC6DNW4','1.5',47.06856666666667),
('2','micro','Geidorf Walk - The doors',15.44305,'GC58YZR','1.5',47.0807),
('1.5','micro','{OG} Raimundgasse',15.453133333333334,'GC6MEBY','1.5',47.06811666666667),
('4.5','small','The Labyrinth',15.431266666666666,'GC3P026','1.5',47.08018333333333),
('1.5','regular','Abenteuerspielplatz',15.426183333333334,'GC1T703','1.5',47.07731666666667),
('4','small','Tricky',15.45075,'GC38J77','2.5',47.077133333333336),
('2.5','micro','City Walk II',15.442,'GC19BWP','2',47.0605),
('4','micro','Nur eine Nummer',15.448566666666666,'GC4CX2K','1',47.07888333333333),
('3.5','small','A Walk to the Past',15.451666666666666,'GCGV6E','2.5',47.065),
('2','small','Das Gehirn',15.425666666666666,'GC2NJ3X','1.5',47.07768333333333),
('2','small','Karl-Franzens-Universit√§t Graz',15.450916666666666,'GC17R2F','1.5',47.07776666666667),
('2','micro','Felix-Dahn-Platz',15.453433333333333,'GC6APVB','1.5',47.06648333333333),
('3','other','Die unabsichtliche Entf√ºhrung ...',15.42255,'GC627D6','1.5',47.06741666666667),
('4','small','Es z√§hlt was fehlt',15.449533333333333,'GC5M2E1','2',47.07955),
('1.5','small','Postcard from Graz',15.428316666666667,'GC6KN43','1.5',47.080283333333334),
('4.5','small','442.012',15.452966666666667,'GC4T4V0','1.5',47.064416666666666),
('1.5','micro','M√§rchen-Krimi - II',15.455783333333333,'GC5NXAZ','1.5',47.06961666666667),
('1.5','micro','Church-Challenge #6: Herz-Jesus-Kirche',15.455766666666667,'GC6REK5','1.5',47.07006666666667),
('1','other','B√ºchertauschzentrale',15.43435,'GC5RK9V','1.5',47.08246666666667),
('1.5','regular','CITYPARK - Mitten in Graz',15.429183333333333,'GC1VEBP','1.5',47.06045),
('4','small','Buchstabensuppe',15.423866666666667,'GC4NEYP','2.5',47.078),
('4','micro','DECRYPT',15.45,'GC3HXR3','2',47.08),
('2','micro','Church-Challenge #2: Karlauerkirche',15.431066666666666,'GC6R75N','1.5',47.059733333333334),
('2','micro','Bare M√ºnze',15.451616666666666,'GC54KXE','1.5',47.062466666666666),
('1.5','micro','Herz-Jesu-Kirche',15.4563,'GC6AF9C','1.5',47.06941666666667),
('4.5','small','Adamson Did 75 Turns',15.438333333333333,'GC3QWP9','2',47.083333333333336),
('1.5','micro','Church-Challenge #1: Josefskirche',15.440683333333332,'GC6R57R','1.5',47.0584),
('3','micro','Weit weg und doch so nah !',15.456733333333334,'GC3EGGT','1.5',47.07051666666667),
('2','small','Der Weg des Eremiten',15.4478,'GC5JD0J','2',47.0817),
('4.5','micro','64 bytes',15.423866666666667,'GC1BD0M','1.5',47.06276666666667),
('2','micro','Auf dem Spazierweg 3.0',15.4367,'GC6QTVY','1.5',47.0835),
('4','small','Wortkombinationen',15.423666666666668,'GC6DRA4','1.5',47.0625),
('2.5','small','A Tribute to 1983',15.430483333333333,'GC4F8AK','2',47.082816666666666),
('1.5','micro','Die Grillparzerstra√üe',15.44055,'GC54PZ8','2',47.08421666666667),
('1.5','micro','Europaplatz Graz',15.4184,'GC43WHK','1',47.072066666666665),
('2.5','micro','au d√©tail',15.418233333333333,'GC2FPZ4','1.5',47.069433333333336),
('2','small','S-Bahn-Wandertour Graz ‚Äì Deutschlandsberg ',15.41785,'GC5FHDC','3.5',47.072466666666664),
('1.5','micro','Graz Hauptbahnhof',15.417766666666667,'GCWHGP','1.5',47.07086666666667),
('1','micro','huck di auffi',15.432549999999999,'GC1FNMW','1',47.05726666666666),
('3','regular','Datenradio2',15.458333333333334,'GC2JN7R','2.5',47.075),
('2.5','micro','What does the cow say? II',15.454866666666666,'GC5TQEG','1.5',47.06203333333333),
('3','micro','Grazer Musik',15.459333333333333,'GC2T910','1.5',47.06883333333333),
('3','small','1st styrian reverse',15.417083333333334,'GC4A5JQ','3',47.0728),
('3.5','small','Codebreaker 4 - Norden gegen S√ºden',15.4373,'GC442Y4','1.5',47.0854),
('4','small','A Trip Between Worlds',15.425,'GC2M4N8','1.5',47.05833333333333),
('3','micro','message transfer',15.451683333333333,'GC392KZ','1.5',47.058283333333335),
('1','micro','What does the Cow say? The end',15.42685,'GC5VRGV','1.5',47.05735),
('2','micro','Quicky @ Night',15.450066666666666,'GC38WXY','3',47.08433333333333),
('3','micro','Was w√§chst denn da?',15.45545,'GC5W59F','1.5',47.08255),
('1.5','micro','Der Kleine von nebenan',15.462766666666667,'GC6RZ2N','1.5',47.06986666666667),
('2.5','micro','Adlerauge',15.462066666666667,'GC59G2X','1.5',47.075066666666665),
('1','small','M√ºhlgang #2',15.432166666666667,'GC4DC6R','1.5',47.05461666666667),
('2.5','other','Piratenschatzsuche',15.425,'GC4X0FF','4',47.085),
('2.5','micro','Flora(****s) Adventure',15.457383333333333,'GC3JF7P','2',47.08168333333333),
('1.5','micro','Die Br√ºcke zu Jugend und Frieden',15.419083333333333,'GC5H0QP','1.5',47.08218333333333),
('3','micro','Dying Tree',15.45335,'GC3D4JB','2',47.08513333333333),
('1.5','micro','M√§rchen-Krimi - I',15.46155,'GC5NXB8','1.5',47.062916666666666),
('1.5','micro','K√ºss die Hand Herr Kerkermeister',15.430183333333334,'GC5B4EN','1',47.0538),
('2','micro','Des Forschers Naturpark ',15.452416666666666,'GCPDJ2','1.5',47.08583333333333),
('2.5','small','Graz.Mensch.Hund.',15.448533333333334,'GC694RK','2',47.087716666666665),
('4.5','regular','sakane_graz',15.4127,'GC1KB22','1.5',47.07641666666667),
('3.5','small','Near Quino****s former home (Quino III)',15.44865,'GCJC5P','2',47.053716666666666),
('1.5','micro','der Ostbahnhof',15.448566666666666,'GC6AZHN','1.5',47.05361666666667),
('4','small','Hundeprofi?',15.459966666666666,'GC5RWTD','2',47.082116666666664),
('2','regular','Der Nachbarschafts-Cache',15.444733333333334,'GC5NABG','2.5',47.08895),
('2.5','micro','Hilmgasse Hint Hunting & Hilmteich Hiking',15.456633333333333,'GC2YTTZ','1.5',47.0847),
('1.5','small','Seifenfabrik',15.438683333333334,'GC62BVT','2',47.05201666666667),
('1.5','micro','Friedenswand',15.4175,'GC6WM6D','2',47.08335),
('4.5','micro','Echt tierisch',15.432083333333333,'GC668PG','1',47.08925),
('3','small','Kalvarienbr√ºcke',15.423783333333333,'GC1M248','4.5',47.087066666666665),
('1.5','small','Jacky¬¥s Wald',15.460483333333332,'GC48V4B','2',47.082766666666664),
('4','micro','Ein R√§tselcache der anderen Art  ',15.412583333333334,'GC6CVEW','1.5',47.07898333333333),
('2','small','Don Bosco Bahnhof',15.419083333333333,'GC4CA46','1.5',47.05661666666666),
('2','micro','Schubertstra√üe - Reich und Sch√∂n?',15.4596,'GC4AAHA','1.5',47.083666666666666),
('2','small','G-K/B',15.410416666666666,'GC21CWA','1.5',47.066583333333334),
('1.5','small','Wissenspunkt',15.409683333333334,'GC3ENC6','1.5',47.06916666666667),
('2','micro','Rettungskette 1 - lebensrettende Sofortma√ünahmen',15.455383333333334,'GC21KCV','1',47.05493333333333),
('3','small','Ziemlich Merkw√ºrdige Buchstaben',15.463833333333334,'GC3QBX0','1.5',47.08016666666666),
('3','micro','Grazwortr√§tsel',15.46,'GCTV4F','2',47.0575),
('2','regular','Pongos Spazierwege Bonus',15.4425,'GC35YKR','3',47.090666666666664),
('1.5','regular','Kletterspass am Hilmteich',15.4602,'GC183D4','2',47.08445),
('2','small','The Lost Tramway',15.410233333333334,'GC2E8JW','1',47.07855),
('3','small','TUGraz Campus Inffeldgasse',15.463883333333333,'GC57PHP','1.5',47.059866666666665),
('1.5','micro','DuckView',15.461466666666666,'GC5GJQR','1.5',47.08425),
('1.5','micro','Don Bosco - Kirche',15.416516666666666,'GC2QHRM','1',47.05603333333333),
('2','small','Oink!',15.4641,'GC22X0P','2',47.082316666666664),
('1.5','micro','Church-Challenge #5: Salvatorkirche',15.425816666666666,'GC6R57P','1.5',47.0901),
('2','regular','Pongos Spazierwege 1',15.442466666666666,'GC2G6RR','2',47.09173333333333),
('1.5','small','Logop√§die-015',15.415683333333334,'GC491ZR','1.5',47.08535),
('2','micro','Church-Challenge #10: St. Thomas von Aquin',15.418833333333334,'GC6TWT3','2',47.08741666666667),
('1','micro','Spiderbite',15.4347,'GC62DTJ','1.5',47.092),
('2','micro','Stille Post - Chinese Whispers',15.4075,'GC21X59','1',47.075),
('1.5','regular','FH JOANNEUM Students Cache',15.4065,'GC5060J','1.5',47.069716666666665),
('2.5','micro','Wars of the Stars in Graz',15.408683333333334,'GC11G08','4',47.06288333333333),
('2','regular','You****ve Got Mail - BONUS',15.4678,'GC2GFT8','1',47.07925),
('1.5','small','Wildtierhilfe?',15.464416666666667,'GC38PKW','1.5',47.08343333333333),
('3.5','micro','Gamma',15.44135,'GC52DWF','1.5',47.0485),
('3','other','Graz per Rad #2',15.466766666666667,'GC3KVW1','2',47.05943333333333),
('1.5','micro','Pre-Mobile-Era',15.47,'GC5BZP1','1',47.064083333333336),
('1.5','regular','PfadfindERleben',15.463133333333333,'GC1C4W9','2.5',47.08591666666667),
('2','micro','Der Weg ins Leben',15.466666666666667,'GC1M4CP','1.5',47.083333333333336),
('2','micro','Graz per Rad #1',15.469416666666667,'GC35TVN','1',47.0617),
('2','small','Orientierungslaufen im Leechwald',15.464866666666667,'GC3H400','3',47.08528333333334),
('2','small','Steirischer 06: Graz - Mariazell',15.465116666666667,'GC18QYC','3',47.08538333333333),
('2','small','the lost bridge',15.43525,'GC1FGJP','1.5',47.047266666666665),
('1.5','other','Meazza calling',15.4328,'GC6QQAR','1',47.04751666666667),
('1.5','regular','Jakobsleiter',15.42945,'GCR42Y','2',47.093716666666666),
('1','micro','Pammer Bad',15.472066666666667,'GC67TDA','1.5',47.06506666666667),
('2','micro','FF Graz',15.459716666666667,'GC3M91V','1.5',47.0901),
('2','micro','Gute Besserung!',15.4681,'GC68W7M','1.5',47.0839),
('1.5','micro','Christbaumgarten',15.40395,'GC6AB4N','1.5',47.07685),
('1.5','micro','#163 - Tour de Mur',15.440933333333334,'GC50XPR','1.5',47.04655),
('2','micro','Karli Feinstaub',15.4118,'GC495GZ','1.5',47.05453333333333),
('1.5','micro','Es f√ºhlt sich fast wie Urlaub an',15.420483333333333,'GC5YHWH','1.5',47.0922),
('3.5','small','Alle V√∂gel sind schon da',15.4128,'GC6C2F8','2.5',47.08855),
('2','micro','Gegen√ºber',15.4723,'GC5TV4F','1.5',47.061366666666665),
('1.5','micro','Church-Challenge #8: Christus der Auferstandene',15.450166666666666,'GC6T4E7','1.5',47.0471),
('2','small','Eggenbergrunde 1',15.401466666666666,'GC375H0','2',47.0686),
('1','small','DiGe',15.4658,'GC5AJC4','1.5',47.05395),
('2','small','Reinerkogel',15.434716666666667,'GC2QVFD','2.5',47.09608333333333),
('2','small','Felix-Austria',15.419316666666667,'GC441J3','2',47.0489),
('4.5','small','Codebreaker 5 - Der Kalte Krieg',15.409383333333333,'GC442YY','2',47.05435),
('2','regular','CLR#01: Reise um die Erde in 80 Tagen',15.4035,'GC5Y7F7','2',47.060833333333335),
('1.5','small','Walk of Yoga',15.473666666666666,'GC6DGMB','2',47.06171666666667),
('1','micro','Kalvarienberg in Graz',15.418083333333334,'GC1DY77','1.5',47.09271666666667),
('1','micro','Merkur Arena (vormals UPC Arena)',15.453333333333333,'GC1BPQG','1.5',47.046883333333334),
('2.5','micro','Leninas Seele',15.429016666666667,'GC1X0Y4','1.5',47.0455),
('1.5','regular','Mariagr√ºner Wald',15.4481,'GC2C25M','2',47.0962),
('2','micro','Nur f√ºr gute Nerven',15.4058,'GC66CRE','1.5',47.08515),
('1.5','micro','FLUSSPANORAMA',15.4425,'GC52N6D','1.5',47.04455),
('2','micro','Mariagr√ºnerstra√üe',15.4539,'GC6PKAX','2.5',47.09511666666667),
('2','other','Austein',15.417666666666667,'GC387R3','2',47.093333333333334),
('4','micro','Hoppala',15.399533333333334,'GC1P4EA','2',47.0736),
('1.5','micro','Hunting dr-no',15.400416666666667,'GC1XTTE','1',47.06313333333333),
('3','micro','Tunner Hole',15.403333333333332,'GC1WEFP','4',47.083333333333336),
('2','small','Kommt ein Vogl geflogen',15.475016666666667,'GC6J970','1.5',47.06075),
('1.5','small','CheckOne',15.477833333333333,'GC5FTFV','1.5',47.072916666666664),
('2','regular','Tunner Glas',15.40215,'GC1NEFB','2.5',47.0822),
('2','small','Dirt Bike',15.4155,'GC1P5ET','2',47.04848333333333),
('3.5','micro','Meisterpr√ºfung',15.472333333333333,'GC3CKBB','1.5',47.056666666666665),
('1','micro','. (Punkt)',15.478383333333333,'GC641PJ','1',47.0704),
('2.5','micro','Lost Place ???  Josef Pockstra√üe 27',15.408733333333334,'GC6DWF6','1.5',47.0895),
('1.5','micro','Church-Challenge #7: Islamisches Kulturzentrum',15.433933333333334,'GC6T4EG','1.5',47.0432),
('2.5','micro','Nicht ganz rund',15.414233333333334,'GC470D8','1.5',47.09348333333333),
('2.5','other','Tat√º Tata',15.429933333333333,'GC36JKE','1',47.04333333333334),
('2.5','small','Ein Weiher in Eustacchio',15.47755,'GC5CH4Y','3',47.06186666666667),
('1.5','micro','Tennis Ass',15.47925,'GC5G76Q','1.5',47.0772),
('1.5','micro','Emergency',15.398033333333334,'GC26N8A','2',47.07918333333333),
('2','regular','Stiftingtal',15.47415,'GC4G5MY','1.5',47.08716666666667),
('3','regular','What does the cow say??',15.4159,'GC5DJKF','1.5',47.09603333333333),
('1.5','small','Kroisbach Wald',15.4674,'GC2B2VB','1.5',47.09268333333333),
('3','micro','Fr√ºher h√§tt¬¥s das nicht gegeben',15.394833333333333,'GC5VZBH','1.5',47.071666666666665),
('2','micro','Pestkapelle am Breitenweg',15.481783333333333,'GC5QMGH','1.5',47.065533333333335),
('1.5','regular','Der alte Steinbruch/ the old stone quarry',15.398266666666666,'GC4X7ZZ','3',47.084516666666666),
('2','micro','Das 'verlegte' Rohr',15.480866666666667,'GC5RB5K','2.5',47.06045),
('5','micro','Rosenbl√§tter, town under',15.4669,'GC37QWA','5',47.046483333333335),
('3','micro','Illuminati',15.481666666666667,'GC38P1M','2.5',47.08116666666667),
('3','small','W√∂rter???',15.4101,'GC62XDJ','3',47.095666666666666),
('2.5','micro','Petersbach',15.47155,'GC6WRG1','1.5',47.04913333333333),
('3','micro','MiniDogPark 2',15.411516666666667,'GC6R466','4',47.04516666666667),
('2','regular','Mitten im 12.',15.416766666666666,'GC1MDAW','2',47.09866666666667),
('1.5','small','Benno¬¥s Wald',15.4724,'GC3WDRK','3',47.09206666666667),
('1.5','small','LiebenAU oder Murkraftwerk Puntigam',15.443383333333333,'GC1EMX8','1.5',47.0393),
('1.5','micro','Graz-Wetzelsdorf',15.401566666666668,'GC3TT99','1.5',47.05113333333333),
('2','micro','Der Grat',15.46445,'GC65VPZ','4',47.044016666666664),
('3','small','Elektrotechnik Grundlagen - Gleichstrom',15.403133333333333,'GC5JV2Y','1.5',47.09235),
('4.5','small','Les Miserables',15.466166666666666,'GC49DRR','2',47.044666666666664),
('1.5','micro','Zanklhof',15.407399999999999,'GC20A7E','1',47.09556666666667),
('1.5','small','Tennis Return',15.475416666666666,'GC5NGY8','1.5',47.05028333333333),
('2','regular','Rundgang durch G√∂sting',15.40275,'GC3947J','1.5',47.09291666666667),
('2','micro','Rettungskette 3 - Erste Hilfe',15.39165,'GC22FBA','1.5',47.07866666666666),
('3','regular','Leiwand, Oida!',15.40625,'GC5PXGF','2.5',47.09525),
('1.5','small','Peter Rosegger Weg (Kroisbach)',15.4719,'GC2BTRA','1.5',47.09453333333333),
('2','small','Amirs Geburtstagscache',15.448416666666667,'GC6AZRF','2.5',47.038383333333336),
('2','micro','Murpark',15.461316666666667,'GC6ERRE','1',47.04161666666667),
('1.5','micro','Die versteckte Yogamatte',15.483816666666666,'GC6DHN5','2',47.05898333333333),
('1.5','micro','Cache against long logs',15.389533333333333,'GC14F2G','1',47.06936666666667),
('2','micro','Der Igel und die Autos',15.463466666666667,'GC6ERNE','1.5',47.042183333333334),
('2','small','Sinnhaftes am Mariatrosterbach',15.4695,'GC3WN9X','2',47.0966),
('3','regular','Gaisberg',15.389216666666666,'GCH2TF','3.5',47.0737),
('1.5','small','Auf zur Hunderunde',15.47055,'GC52179','2.5',47.09621666666666),
('1.5','micro','MiniDogPark 1',15.412233333333333,'GC6R45E','1.5',47.04225),
('2','small','Andritzer Plattenrunde',15.4233,'GC1AE2N','3',47.10325),
('3','small','Vergessenes B√ºndnis schwieriger Zeiten',15.478016666666667,'GC2B2YW','1.5',47.091966666666664),
('3.5','micro','Buchstaben Wirrwarr',15.408116666666666,'GC6D3YA','1.5',47.09856666666666),
('2','micro','M√§rchen-Krimi - Bonus',15.4132,'GC5NZ4B','2',47.0408),
('2.5','small','Endstation! Alle aussteigen bitte!',15.422216666666667,'GC4WHYT','1.5',47.1037),
('2.5','small','Bike Adventure',15.477916666666667,'GC3DG1J','3.5',47.092666666666666),
('1.5','micro','Mr. Postman',15.389716666666667,'GC5JD5W','1.5',47.06008333333333),
('2.5','small','Neobiota-Dschungel?',15.4109,'GC37WF9','2',47.1002),
('3','small','Intelligenztest f√ºr Geocacher',15.417916666666667,'GC6140K','1.5',47.038666666666664),
('4','micro','Piep¬≤',15.42125,'GC4BNP7','2.5',47.10395),
('1.5','regular','Hexadezimal',15.386133333333333,'GC20YGV','2.5',47.07143333333333),
('3.5','other','Vespa Primavera Graz',15.423433333333334,'GC28P54','1.5',47.03678333333333),
('1','micro','Andritzer Obst- und Naschgarten',15.4202,'GC5DAFG','1.5',47.10431666666667),
('3.5','small','Gr√§tz 1787',15.4259,'GC3VYEF','1.5',47.03605),
('3','small','Wirkstoffe',15.417033333333332,'GC6AVBB','1.5',47.03788333333333),
('1.5','micro','M√§rchen-Krimi - III',15.461733333333333,'GC5NZ42','1.5',47.038516666666666),
('4','micro','Wovon Cacher tr√§umen',15.473333333333333,'GC4W4E2','2',47.097833333333334),
('4.5','small','Johann und Paul Direttissima',15.3887,'GC4947M','4',47.0581),
('2','micro','HIER REGIERT DER SK STURM!!',15.4768,'GC2X9YQ','1.5',47.0458),
('3','small','Herr Clarence der Schapendoes',15.48,'GC5BATM','2.5',47.093333333333334),
('3','small','Sternenklare Nacht',15.49165,'GC5XBQB','3',47.06998333333333),
('3','small','Entdecke den Wald',15.39415,'GC5JVHY','3',47.0928),
('3','small','harrylime - Ausgesetzt in der Nacht',15.3945,'GC5M4JN','3',47.093466666666664),
('1.5','micro','Die G√∂stinger Mauer',15.40055,'GC21T02','1',47.098283333333335),
('2.5','other','Illusion 3D',15.4325,'GC2J0GM','2',47.03333333333333),
('3.5','micro','Auf dem Holzweg',15.39175,'GC4TMW4','2',47.04971666666667),
('1.5','regular','Gestern Sessel, morgen Stufen',15.3941,'GCZAC9','2.5',47.09415),
('2','regular','Verloren und Vergessen - Einsiedelei Eggenberg',15.383033333333334,'GC1CTB5','2',47.07755),
('2','micro','Pettersson & Findus',15.42665,'GC6C123','1.5',47.03338333333333),
('3','small','dr-no hits back',15.389333333333333,'GC1Y6RX','2.5',47.05198333333333),
('3','small','Porky Hill',15.49385,'GC283CB','2',47.077283333333334),
('2','small','Once upon a time in the Zauberwald',15.40655,'GC4QA30','2.5',47.1027),
('2.5','regular','Der vergessliche Osterhase',15.4565,'GC47MFW','2.5',47.1074),
('1','small','Frische Milch',15.4279,'GC3CARV','1.5',47.108783333333335),
('2','small',''Entdecke die M√∂glichkeiten'',15.421316666666666,'GC51TBV','1.5',47.03378333333333),
('5','small','Der ohmsche Widerstand',15.4182,'GC2Y9M1','2.5',47.034333333333336),
('1.5','micro',' Church-Challenge #4: St. Anna',15.394933333333334,'GC6RCZF','1.5',47.09641666666667),
('2','small','Der Plabutsch',15.382583333333333,'GC5JK5W','2',47.061416666666666),
('1','small','Cache Arche',15.472633333333333,'GC6F98Q','2',47.03948333333334),
('2','micro','Rudolf Steiner',15.483033333333333,'GC6MG56','3',47.046366666666664),
('1.5','small','Piepmatz Bleibe „ÉÖ                                 ',15.4865,'GC43JXT','3.5',47.049166666666665),
('3','micro','Hoch am Baum da h√§ngt er rum...',15.4129,'GC3P962','1.5',47.10646666666667),
('3','small','Radtrip Graz ‚Äì Kalsdorf',15.449883333333334,'GC4J6Y5','1.5',47.03178333333334),
('4.5','micro','Cryptomaniac #1',15.379483333333333,'GC1BK5K','1',47.070233333333334),
('3','regular','Cryptomaniac #5',15.3796,'GC1D759','2.5',47.06766666666667),
('3','large','Cryptomaniac #4',15.37965,'GC1C8GZ','4',47.07485),
('3.5','small','Luftballons?',15.380233333333333,'GC6ANG8','1.5',47.07873333333333),
('2.5','other','Da sitzt ein K√§fer im Gras',15.42225,'GC5X0K3','2',47.03175),
('1.5','small','LukeSkywalker',15.497533333333333,'GC2MJ8V','2',47.06685),
('2','small','Pfangberg',15.459916666666667,'GC68X5Q','2',47.1087),
('1.5','micro','Strabag',15.47655,'GC6J37G','1.5',47.0396),
('2','small','(motor) biking in Styria (9) RuG',15.49365,'GC2Y7QZ','3.5',47.08625),
('1','regular','SPONGEBOB SCHWAMMKOPF',15.496483333333334,'GC1QQ5B','1.5',47.080133333333336),
('2.5','regular','Graz - Top',15.3856,'GCX4RE','3',47.09023333333333),
('1.5','small','entering Graz Nord',15.401033333333334,'GC42NPN','1',47.10275),
('2','small','Let It Be',15.440716666666667,'GC5E5YY','3',47.11161666666667),
('3','small','Fahrscheinkontrolle bitte!',15.4285,'GC3PC0F','2',47.03033333333333),
('4','small','Codebreaker 3 - Versteckte Botschaften',15.391966666666667,'GC442YA','2',47.04456666666667),
('2.5','small','Codebreaker 1 - Die zwei K√∂niginnen',15.390833333333333,'GC442Y3','2',47.04555),
('2','regular','Dilbert¬¥s World',15.396,'GC3A7W1','2',47.041333333333334),
('5','micro','Compiler Error',15.421166666666666,'GC5DDNF','1.5',47.031083333333335),
('1','small','Zweierbosniakengasse und b.h. IR Nr.2',15.396966666666668,'GC3QYQR','1.5',47.040333333333336),
('3','small','Dich mach**** ich zur Schnecke!',15.387616666666666,'GC22XPJ','3',47.047716666666666),
('2','other','Steiermark',15.48115,'GC6WM16','1.5',47.041066666666666),
('2.5','small','Waldabenteuer',15.446666666666667,'GC3219Y','4',47.11221666666667),
('2','micro','Ohne Mercedes - per pedes',15.394633333333333,'GC45RQ7','2.5',47.1003),
('3','small',''BONUS' Main streets in Graz',15.411916666666666,'GC3PR88','1.5',47.033),
('2.5','small','Farben',15.390833333333333,'GC29GE1','2',47.0975),
('2','small','Vom Winde verweht...',15.386416666666667,'GC1EC7G','2.5',47.09373333333333),
('2','small','Anna hatte es schwer!',15.393766666666666,'GC5WVQA','3',47.10013333333333),
('3','small','Codebreaker 2 - Die Verschw√∂rung',15.3899,'GC442YC','1.5',47.044533333333334),
('3','small','Such nach dem Geocache!',15.43555,'GC6008C','2.5',47.11298333333333),
('2.5','regular','Milchm√§dchenrechnung',15.386733333333334,'GC1JHYE','2',47.04663333333333),
('1','large','TBCATRAZ',15.376483333333333,'GC3EBD0','5',47.078716666666665),
('3.5','small','Vorw√§rts, r√ºckw√§rts, seitw√§rts ...',15.383333333333333,'GC5PNYX','2.5',47.05),
('1.5','small','Beste Freunde',15.4776,'GC1HMY5','2.5',47.10423333333333),
('3','small','Die Urknalltheorie',15.400166666666667,'GC6601F','2',47.105),
('2','small','Flavio****s Schatz',15.439216666666667,'GC3EVVE','2',47.1137),
('3','regular','Der Hort der Bestie (BONUS)',15.37625,'GC2TAWD','3.5',47.06285),
('3.5','small','Codebreaker Bonus',15.374716666666666,'GC442Z1','3',47.0709),
('1.5','regular','Opa Adis 75er',15.380466666666667,'GC474TA','2.5',47.052533333333336),
('1','micro','KTM X-BOW (vs. Tesla)',15.4788,'GC1WH0M','1',47.037083333333335),
('2','micro','modern playground ',15.43205,'GC3HJAM','1.5',47.02733333333333),
('2','micro','Rettungskette 2 - Notruf',15.39665,'GC229QN','1.5',47.03763333333333),
('1.5','small','Fr√ºhjahrsputz am Weizbach',15.445566666666666,'GC3EHK4','3',47.11456666666667),
('1.5','small','Buchkogelrunde',15.381033333333333,'GC6A73B','2.5',47.05023333333333),
('2','micro','Remember',15.406283333333333,'GC1K9KY','1.5',47.03225),
('4','micro','CrAzYsQuIrReL',15.37445,'GC4BY9H','5',47.08045),
('1.5','small','Hafnerstra√üe',15.429583333333333,'GC305R5','1.5',47.02648333333333),
('1.5','small','St. Johann und Paul',15.380683333333334,'GC23NZV','2',47.04945),
('2','micro','Matchpoint',15.392416666666668,'GC38J4Z','1.5',47.038666666666664),
('2','small','Augen auf am Radweg x',15.406783333333333,'GC5N9TV','2',47.110216666666666),
('1.5','other','Ich will nicht ins Fundb√ºro',15.399116666666666,'GC5KBMQ','1.5',47.034683333333334),
('1.5','small','Mc Chirp',15.376,'GC2HZCB','2',47.05525),
('1','large','Hinterholz 8 am (brennessel) Meer',15.50065,'GC2AQHQ','2.5',47.05538333333333),
('1.5','small','IGEL',15.376116666666666,'GC1ZA9M','2',47.054916666666664),
('1.5','small','Hoch √ºber Graz',15.376416666666668,'GC1Y5PD','2',47.0541),
('2','small','Logop√§die-012',15.4911,'GC4WWRR','1.5',47.09855),
('1','small','Stiftingtalstra√üe 240',15.497516666666666,'GC6WM8D','2',47.09175),
('1.5','micro','F√∂hnfrisur',15.477966666666667,'GC5F47Q','2.5',47.03418333333333),
('2','small','Das R√§tsel des Pierrot',15.453333333333333,'GC33TQ2','1.5',47.02633333333333),
('3','regular','BONUS or: DNF knocked out',15.411666666666667,'GCTWKK','2',47.11333333333334),
('2.5','micro','Die Rache der Schafe',15.4886,'GC69RVH','1.5',47.03975),
('2','micro','Alpha und Omega',15.429533333333334,'GC3EQQ6','2',47.024766666666665),
('3.5','small','Pfadi-Wissen bei der Pfadi-Wies****n',15.399433333333333,'GC3WEKH','3',47.032666666666664),
('3','micro','Porky Hill - Wenn Schweine fliegen k√∂nnen ',15.504433333333333,'GC366G2','5',47.0821),
('2','small','Gabriach',15.413283333333334,'GC143C1','2',47.11423333333333),
('2.5','micro','2 die sich m√∂gen',15.4929,'GC5EBB4','4.5',47.099333333333334),
('4','small','Deutschsprachige Hits',15.373333333333333,'GC674TF','2',47.055),
('2.5','regular','Let****s RUG!',15.404216666666667,'GC22D00','3',47.111783333333335),
('1.5','small','Br√ºndlteiche',15.383733333333334,'GC3H1B6','2.5',47.04155),
('1.5','regular','Stephanienwarte',15.4702,'GC1AE0C','2.5',47.11301666666667),
('2','small','Die Bestie vom Kollerberg',15.37,'GC1T1V8','2.5',47.061),
('2','micro','Teichhuhn',15.420833333333333,'GC53ZH9','2',47.11683333333333),
('2.5','micro','Porky Hill - Men√º: Schwein auf Minze',15.505066666666666,'GC3X6FZ','2.5',47.084716666666665),
('4','regular','Des M√ºhlgangs T5',15.392583333333333,'GC3PMHJ','5',47.10725),
('2.5','small','Ambarab√†',15.388833333333332,'GC68N6N','2.5',47.0365),
('3','regular','Old Stones',15.388483333333333,'GCBE2A','4',47.10491666666667),
('2.5','regular','Guckloch',15.40185,'GC1B80Z','3',47.112066666666664),
('1.5','small','Gsuacht&Gfundn',15.508783333333334,'GC59XHZ','1.5',47.06738333333333),
('2.5','regular','A Strange Present',15.38865,'GCPA19','3.5',47.03645),
('1.5','small','Wohnen im Gr√ºnen: Haus mit Ausblick',15.5081,'GC5J1QN','2.5',47.07898333333333),
('1.5','small','Attention: High Voltage',15.47865,'GC5DYDA','1.5',47.031166666666664),
('3','micro',''Beim Bacherl'',15.435533333333334,'GC33QXW','3.5',47.11901666666667),
('4','micro','Das Spiel als Cache - Phase10',15.508766666666666,'GC5RQ3D','2.5',47.07645),
('2.5','micro','St. Veiter Kirche',15.4111,'GC3225N','1.5',47.11555),
('2','regular','Felix¬¥s  Dose !',15.395683333333332,'GC6CEE3','2',47.032),
('2','small','Waldlehrpfad St. Martin',15.38755,'GC3NF4M','3',47.03685),
('1.5','regular','Piles of Wood',15.506616666666666,'GC1R069','2',47.0572),
('2.5','regular','Memory I oder Plattenwandertag',15.46555,'GCMBY2','2.5',47.11565),
('1.5','micro','MUR-WASSER # 3',15.393433333333334,'GCVWPP','2',47.10883333333334),
('2.5','small','Was Maja alles kann',15.387016666666666,'GC4B1AG','2.5',47.03661666666667),
('1.5','small','FTF - Graz',15.366666666666667,'GC4950M','1.5',47.06666666666667),
('2','small','Spaziergang um den Thalersee',15.36625,'GC68QRW','2',47.07151666666667),
('3','micro','CLR#04: A Michigan Fox',15.39375,'GC5YX5B','2',47.03208333333333),
('2','small','Der Thalersee',15.3653,'GC6ED8B','2',47.07038333333333),
('2','regular','Mariatrost',15.48955,'GC1GZ9D','2',47.1063),
('1.5','small','Woodrock',15.4848,'GC62DVJ','3',47.10921666666667),
('3','small','zum Kircherl',15.39705,'GC1NR86','5',47.11196666666667),
('2','small','Nightadventure',15.473666666666666,'GC37K8F','2.5',47.11455),
('3.5','small','der leichte mysti',15.371666666666666,'GC6873W','2',47.05),
('1.5','small','Wahre Liebe !',15.367116666666666,'GC4W20A','1.5',47.05821666666667),
('2','regular','Ruine G√∂sting',15.381533333333334,'GC9F94','2',47.103566666666666),
('1.5','small','Murpromenade Graz-S√ºd',15.456183333333334,'GC3YC21','2',47.021433333333334),
('2','micro','Suicide of a Virgin',15.380883333333333,'GC3952P','4',47.10375),
('2','micro','wild bees',15.378316666666667,'GC46AHX','2',47.03995),
('2','small','GoT#1 A Game of Caches',15.4045,'GC5CWGP','3.5',47.02503333333333),
('2','micro','Der Quicktip',15.36305,'GC6EFCX','2.5',47.07471666666667),
('1','micro','Birthplace of Arnold Schwarzenegger',15.362816666666667,'GC448BP','1.5',47.07225),
('2','small','Ein 8er im Leechwald',15.496066666666668,'GC5Y7NY','3.5',47.10458333333333),
('3.5','small','Dornhofen',15.49595,'GC37GGR','2',47.1049),
('1.5','regular','Eisenbergbau Buchkogel/Miningsite Buchkogel',15.374633333333334,'GC5PDPR','3.5',47.04168333333333),
('1.5','regular','Gasthaus f√ºr Oiseaux',15.362083333333333,'GC69888','2',47.07666666666667),
('2','micro','First One',15.382116666666667,'GC2Q9R6','2',47.035183333333336),
('1','micro','CLR#08: Goodbye Jikan üò¢',15.378133333333333,'GC6WW36','2.5',47.03821666666666),
('1.5','large','Best Cache ',15.419,'GC68YFH','2',47.12178333333333),
('2','regular','The Secret of Arnold S.',15.361216666666667,'GC1DDKR','3',47.07613333333333),
('3','other','Der Baum der besten Freunde',15.484116666666667,'GC1NP90','2',47.11343333333333),
('2.5','micro','Pionierbauwerk',15.456166666666666,'GC2RADN','1.5',47.01916666666666),
('3','small','Bei Anruf-Mord!!',15.379166666666666,'GC69JHQ','2',47.1065),
('2','regular','Wambatschamba27',15.51725,'GC3CFBB','3.5',47.07451666666667),
('2','regular','Kronprinz Rudolf',15.374833333333333,'GCA5BB','2',47.03796666666667),
('3','small','Dehnungs√ºbungen',15.400533333333334,'GC5V0H6','2',47.11893333333333),
('4.5','other','Brauchst an TJ??',15.424883333333334,'GC5ZDRJ','1.5',47.12466666666667),
('1','small','Blick auf Graz',15.389683333333334,'GC5GK3J','3',47.11465),
('2','micro','Umfahrung Feldkirchen',15.437616666666667,'GC2D9PM','1.5',47.015616666666666),
('2','regular','Forest Walk',15.446233333333334,'GC17CXZ','3',47.126),
('3.5','small','Frontpartie',15.48,'GC3E0QE','2',47.023),
('2.5','small','Forest Walk VI (in memoriam BMN)',15.3986,'GC38Y5B','2.5',47.021966666666664),
('2','regular','Rupertikirche',15.401166666666667,'GC2M1Q4','1',47.020783333333334),
('3','micro','Akte X',15.507916666666667,'GC69T4C','1',47.0402),
('1.5','small','CheckTwo - Park+Find',15.4707,'GC5GJRK','1.5',47.01875),
('3.5','small','Einthoven',15.521666666666667,'GC1JAR6','2',47.075),
('2.5','small','Entspannungsbr√ºcke',15.427116666666667,'GC5Z5ZR','2.5',47.127383333333334),
('2','small','Ois Guade!',15.497333333333334,'GC5W36V','1.5',47.030316666666664),
('3','small','G√∂ttliches Treffen im Tempel des Apollon Epikurios',15.49575,'GC38XMT','2.5',47.02923333333333),
('1.5','micro','A9 DriveIn P187',15.409116666666666,'GC3KV79','1.5',47.017183333333335),
('2.5','micro','Step by Step',15.376516666666667,'GC2R6T8','2',47.03183333333333),
('4','small','Geocaching nach Zahlen',15.522316666666667,'GC20AC0','3',47.06745),
('2','small','BG SaG',15.404733333333333,'GC64H18','3',47.0182),
('1.5','micro','Fernw√§rme meets A2',15.458533333333333,'GC50FK7','1.5',47.015),
('4','small','Around the World 1 - Natural Monuments',15.4104,'GC21J1W','2.5',47.125166666666665),
('2','small','Duck-Cache!',15.455133333333333,'GC2WD2G','1.5',47.01428333333333),
('2','regular','TTT',15.370483333333333,'GC2C42E','2',47.03621666666667),
('3','micro','Plattform Feldkirchen',15.44035,'GC5MM1H','1.5',47.012966666666664),
('1.5','small','Hex4',15.4468,'GC6EGHY','2',47.128483333333335),
('2','micro','Die Passion Christi/Feldkirchner Passionsspiele',15.442083333333333,'GC2MFNZ','1.5',47.01235),
('2','small','Tisch 13',15.505466666666667,'GC4GGEG','1.5',47.0339),
('3.5','micro','RAABA WALKAROUND',15.496083333333333,'GC3YXKC','1.5',47.026916666666665),
('2','small','Zwei Freunde',15.352616666666666,'GC2HM5A','2',47.06121666666667),
('1.5','small','Steirisch g****redt',15.383333333333333,'GC1C558','2',47.11666666666667),
('2','regular','Grab des Keuschlers',15.35835,'GC2H3JC','2',47.04748333333333),
('2.5','micro','Zum J√§gerwirt',15.525633333333333,'GC385J6','2',47.0712),
('2.5','small','Naherholungsgebiet Auwiesen/Murauen',15.464783333333333,'GC56616','2',47.01408333333333),
('1.5','regular','Diebsgut',15.3586,'GC5YPHW','2.5',47.04601666666667),
('2','micro','Kuckucksei',15.468966666666667,'GC5ZGQP','4',47.014916666666664),
('1.5','small','Hex5',15.448366666666667,'GC6DZNH','2',47.13008333333333),
('3.5','small','Geheimnisse der Nacht?',15.4,'GC5X31V','2',47.016666666666666),
('1.5','small','Florianikirche',15.39015,'GC36D0R','2.5',47.02041666666667),
('2','micro','Gemeindewald Neuseiersberg',15.42395,'GC698B2','2',47.0114),
('1.5','micro','Park + Cache',15.50125,'GC4FTJT','1.5',47.1134),
('2','regular','Forest Walk II',15.462933333333334,'GC1E866','2',47.12886666666667),
('2.5','micro','Dogs Playground',15.407316666666667,'GC62HTE','1.5',47.014066666666665),
('3','micro','Postum Weltmeister',15.4225,'GC2EAT9','1.5',47.01083333333333),
('2','small','Fuchsbau',15.451183333333333,'GC1H827','3',47.131116666666664),
('1.5','micro','I hate Shopping!',15.413233333333334,'GC5VD9M','4',47.01213333333333),
('2','micro','I love shopping',15.41125,'GC116DB','1',47.0125),
('2','small','Ladiescache',15.368866666666667,'GC135MJ','2.5',47.031983333333336),
('2.5','micro','Feldkirchen-A2√úberquerung,klein',15.441883333333333,'GC3EDGP','3',47.00958333333333),
('2','regular','Mantscha-Wood',15.357133333333334,'GC1JBA5','2',47.0441),
('1.5','regular','Johannes von Gott',15.52605,'GC1GEK2','1.5',47.08513333333333),
('3','micro','Unterwegs',15.438533333333334,'GC4H01N','1.5',47.009283333333336),
('1.5','small','Steinbruch Hauenstein',15.4892,'GC2GJ05','1.5',47.12178333333333),
('2','small','Zahlenspiele',15.388333333333334,'GC6WV8W','2',47.01916666666666),
('2','micro','SAP',15.520716666666667,'GC66TXB','2',47.04476666666667),
('2','micro','FTF#3 - Schach Matt',15.514516666666667,'GC65807','5',47.03666666666667),
('2','micro','Ausblick',15.385283333333334,'GC3VE94','2',47.01996666666667),
('2','micro','Playground',15.42945,'GC5F2VC','1.5',47.0086),
('1.5','small','Heidenreichring',15.399466666666667,'GC539ZM','1.5',47.01405),
('1.5','small','Hex6',15.4523,'GC6DZKJ','1.5',47.1328),
('1.5','micro','Die Enigma-Maschine',15.520716666666667,'GC4JE5F','2',47.042766666666665),
('3','small','A7x',15.398833333333334,'GC5FXFP','3',47.014),
('2.5','micro','6 + 2 B√§ume',15.511616666666667,'GC50EQC','4.5',47.10955),
('4.5','small','Netzwerk Administrator',15.398816666666667,'GC61HFF','2',47.0132),
('1.5','small','Hauenstein ',15.488166666666666,'GC5XQKK','2',47.12468333333333),
('1.5','regular','Gedenken an die Kuh Rosa',15.524616666666667,'GC4ZX43','2',47.046216666666666),
('3','small','Around the world 3 - World Heritage',15.3456,'GC36CX8','2',47.061733333333336),
('1.5','small','Die Greifengrube',15.373066666666666,'GC24PAF','2',47.02505),
('1.5','regular','EL CORAZON MANDA - Das Herz befehle',15.526866666666667,'GC24GH7','2',47.09178333333333),
('2.5','other','Unicredit Tower / Gemeindezentrum Seiersberg',15.405466666666667,'GC2NX8N','1.5',47.010866666666665),
('1.5','micro','#164 - Tour de Mur',15.452066666666667,'GC50XQ5','1.5',47.00751666666667),
('3.5','small','Herz ist Trumpf',15.383333333333333,'GC6WNK6','2.5',47.01833333333333),
('1','small','I w√ºl wieda ham...',15.52465,'GC23M79','1.5',47.097166666666666),
('2','micro','FTF#2 - Kabelsalat',15.521433333333333,'GC4NZME','5',47.040083333333335),
('1.5','small','Hex7',15.45615,'GC6DZJG','1.5',47.134116666666664),
('4','other','Ein kleines Staatsgeheimnis',15.403733333333333,'GC691W2','1.5',47.010416666666664),
('2','small','T√§glich Frischwasser',15.506616666666666,'GC26F2F','2',47.0256),
('2','micro','B√ºcherbox',15.403366666666667,'GC6EZ0F','1.5',47.0103),
('4','small','Around the world 2 - Airports',15.398333333333333,'GC2W9EJ','2',47.13),
('1.5','micro','MS VI - Ursprung',15.42485,'GC1JRT0','1.5',47.1358),
('2','micro','Grambach Multi',15.50085,'GC5GRXF','1.5',47.02093333333333),
('2.5','micro','Sunset',15.501016666666667,'GC6JA3B','1.5',47.020966666666666),
('4','small','The Base',15.383333333333333,'GC5PNYY','2',47.016666666666666),
('1.5','small','Cheers!',15.36995,'GC1FVTJ','1.5',47.02405),
('2.5','regular','Milestones',15.39,'GC6N53V','2.5',47.013333333333335),
('1.5','small','Hex8',15.4611,'GC6DZHZ','1.5',47.135216666666665),
('1.5','regular','FTF#4 - Der Schuh des Manitu',15.517166666666666,'GC665R4','5',47.03111666666667),
('2','small','Sweet 15*',15.417933333333334,'GC3EQ2C','2',47.0054),
('2','small','Postmeilensteine an der Ungarischen Stra√üe #1',15.527633333333334,'GC2MT1D','2.5',47.0985),
('1.5','small','Hex9',15.465716666666667,'GC6DZHG','1.5',47.135333333333335),
('2.5','micro','My Dogs LookOut',15.367033333333334,'GC2ZVTY','1.5',47.02415),
('2','small','Mitten im Wald',15.507733333333332,'GC5X2NY','2.5',47.022866666666665),
('4','regular','Flappy Bird',15.398866666666667,'GC5PM33','2.5',47.009),
('1.5','small','Stattegg',15.420133333333334,'GC19K7Z','2',47.13718333333333),
('1.5','micro','Speckg√ºrtel',15.394416666666666,'GC3VVCP','1.5',47.010216666666665),
('2.5','small','Literaturpfade des Mittelalters - Stattegg',15.419916666666667,'GC688C8','3.5',47.137283333333336),
('1','small','Schaugarten Seiersberg',15.409583333333334,'GC28PQK','1',47.00573333333333),
('2','regular',' Technologie- und Marketingcenter (TMC) Grambach',15.502166666666668,'GC4X0N2','1.5',47.018566666666665),
('1.5','micro','TAKE OFF',15.434483333333333,'GC2XRQA','1.5',47.002433333333336),
('2','small','Mantscha - Stoasteirer',15.3565,'GC5WHVW','1.5',47.03091666666667),
('5','small','Zur vollen Stunde',15.35185,'GC2B2Z6','2',47.035833333333336),
('3','micro','Z√∂senberg',15.447866666666666,'GC47YRC','2',47.13915),
('1.5','micro','Hunt 6',15.49825,'GC2PYZ5','1.5',47.12648333333333),
('2','small','CLR#05: Verkehrte Welt',15.3679,'GC69PT2','2.5',47.02085),
('2.5','small','Rundweg Weinitzen',15.464433333333334,'GC5KD33','3',47.138),
('1.5','micro','BCS - D√∂rfla',15.4807,'GC5D62C','1.5',47.0075),
('2.5','regular','√úberraschung-Ei-Tauschb√∂rse',15.5063,'GC5KPAN','2.5',47.0182),
('2','micro','FTF#1 - Die Wei√üe Rose',15.52835,'GC4DRBJ','5',47.03666666666667),
('2.5','micro','ŒºŒµŒªŒ±Œ≥œáŒøŒªŒØŒ±',15.5236,'GC6982N','2',47.03118333333333),
('2','small','Moritz¬¥s Weide',15.462183333333334,'GC2DQ0K','2',47.13933333333333),
('2','small','Steirerkas',15.3685,'GC6E12Y','3.5',47.123083333333334),
('3','regular','Goldhahnwarte',15.348783333333333,'GC47BXK','2.5',47.107),
('3.5','micro','Biene Maja',15.480366666666667,'GC2ZMQT','2',47.00575),
('2','small','Fix the World 1',15.343616666666666,'GC3YBEE','2.5',47.10106666666667),
('1.5','micro','#165 - Tour de Mur',15.455383333333334,'GC50XQR','1.5',47.0004),
('1','small','A9 Gratkorn',15.365416666666667,'GCKA9T','2.5',47.12211666666666),
('2','small','Fix the World 2',15.342916666666667,'GC3YBNC','2.5',47.10066666666667),
('2','small','Fotopoint 1 Judendorf',15.34655,'GC1RR73','3',47.10723333333333),
('4','micro','Weniger ist Mehr',15.416666666666666,'GC17NBX','1.5',47),
('2.5','regular','Adventure with Attila',15.5444,'GC1AAAH','3',47.073283333333336),
('3','micro','Raaba-Grambach Tradi',15.5032,'GC5CTMJ','1.5',47.0136),
('2','small','Prinzessinnen Schatz',15.516083333333333,'GC40RJJ','2',47.02153333333333),
('2','small','Wolfsgraben',15.5217,'GC26K7J','2.5',47.02588333333333),
('1.5','micro','Hochwasserr√ºckhaltebecken 'H√∂fbach/Weinitzen'',15.47785,'GC439P0','1.5',47.138416666666664),
('2.5','micro','Ist da was?',15.455066666666667,'GC6D44N','1.5',46.998866666666665),
('1.5','small','Waldfriedhof',15.544416666666667,'GC2M5ZD','1.5',47.06205),
('2','small','Br√∂selflieger',15.525183333333333,'GC35F1M','1.5',47.1139),
('1','micro','Gismo',15.3933,'GC49TKR','1.5',47.00438333333334),
('1.5','regular','Hex Bonus',15.477566666666666,'GC6EJP4','1.5',47.14008333333334),
('1','regular','Bacherlh√ºpfer',15.546166666666666,'GC1KR2G','2',47.0813),
('3','small','Der Taucher',15.400166666666667,'GC63CF4','2',47.00103333333333),
('1.5','small','CLR#02: Die Ratte',15.3423,'GC5Y7NM','2',47.03525),
('4','micro','Travel Bug',15.4458,'GC1WKZF','1.5',46.99596666666667),
('2.5','regular','Der kleine Maulwurf',15.327833333333333,'GC14GBK','2.5',47.07711666666667),
('2','micro','Tumuli of Weinitzen - reloaded',15.490766666666667,'GC5M6PM','2.5',47.13746666666667),
('3.5','regular','Die versteckte Kletterwand - Waldspielpark',15.357666666666667,'GC5WDWV','4',47.12305),
('1.5','regular','TB Hotel Airport GRAZ',15.447066666666666,'GC23GMF','2',46.995016666666665),
('1','micro','Schilling ',15.54,'GC21TW7','1.5',47.10296666666667),
('2','micro','Habt 8 in Gratkorn',15.354166666666666,'GC352K2','1',47.121583333333334),
('1.5','small',' Free Falling',15.4332,'GC4Z4M3','1.5',46.99426666666667),
('1.5','small','Weather Tower #2',15.522566666666666,'GC113QM','2',47.12245),
('2','small','Hohe W√§nde rundherum',15.324783333333333,'GCV9NH','3',47.07066666666667),
('2','small','08/15',15.514633333333334,'GC613JA','3',47.01345),
('1.5','small','Hotel 13 - Der Cache',15.44375,'GC4CAFG','1.5',46.99316666666667),
('3.5','micro','Gratkorn Dult',15.365633333333333,'GC3DKZX','1.5',47.13085),
('2','regular','Lego',15.49,'GC5QZH3','2',47.14083333333333),
('2','regular','Wallfahrtskirche Maria Stra√üengel',15.33975,'GC3G6NE','2.5',47.112716666666664),
('3','regular','Die 5 Sinne / The 5 Senses',15.368133333333333,'GC6AVPQ','2.5',47.00675),
('4','regular','Kalkleiten Spielplatz',15.436283333333334,'GC50388','5',47.151666666666664),
('2.5','small','Quino****s Relatives (Quino II)',15.401416666666666,'GCG8KY','2.5',47.14796666666667),
('3','micro','Am Brunnboden',15.35395,'GC4J6WM','3',47.128566666666664),
('3.5','micro','.---.',15.458833333333333,'GC6243G','1.5',46.9905),
('2','small','Spitzname: ZEKI',15.55,'GC1KRDQ','2',47.1),
('1','small','Weather Tower #1',15.500283333333334,'GC5HA6B','1.5',47.14078333333333),
('2','small','Gratkornsteg',15.346233333333334,'GC1T4XQ','3',47.123466666666666),
('1','small','Das Grab der Generalin',15.32475,'GC20FXB','2.5',47.09815),
('1.5','regular','Waldkapelle',15.368133333333333,'GC11BMY','1.5',47.137433333333334),
('1.5','regular','Alpengarten Rannach',15.3891,'GCYE5V','2',47.14586666666667),
('1.5','small','Susanne****s 30th Birthday',15.5,'GCJEKB','1.5',47),
('2','small','Der versteckte Kreuzweg',15.5545,'GC4EF2V','3',47.093833333333336),
('1.5','regular','Des gh√∂rt dort net hin',15.317,'GC5V57K','1.5',47.07358333333333),
('2.5','small','Road Roller',15.50015,'GC3MN36','1.5',46.9988),
('2','micro','√ñLM',15.4479,'GC3WAQA','1.5',46.98673333333333),
('2','micro','Wunschbr√ºcke',15.3465,'GC17MN7','1',47.12765),
('3.5','micro','-...-',15.462666666666667,'GC61PPW','2',46.98766666666667),
('3.5','small','Die Schatzsucher',15.559166666666666,'GC4EF1P','3',47.09166666666667),
('2','small','Sportplatz H√∂nigtal',15.560266666666667,'GC2FJPE','2',47.08935),
('3.5','other','O E 1',15.336666666666666,'GC5DWQ9','2',47.12083333333333),
('1.5','small','Die Sprache der Natur',15.38815,'GC186KC','2',46.9924),
('2','micro','JS Schlosstour - Schloss M√ºhlegg',15.483616666666666,'GC2PYGT','1',46.990716666666664),
('1.5','micro','Freiwillige Feuerwehr Gratkorn-Markt',15.352916666666667,'GC2TGHE','1.5',47.134433333333334),
('1','small','Kimtchi',15.475416666666666,'GC5MEQ8','3',46.987633333333335),
('2','small','MTB - Gipfelst√ºrmer',15.419666666666666,'GC3G0H2','3.5',47.15736666666667),
('3','small','NFC Letterbox',15.341383333333333,'GC6E2GA','2',47.128566666666664),
('1.5','other','H√∂nigtal Nano',15.56295,'GC25C6B','1.5',47.09345),
('2','small','Wer Schmetterlinge lachen h√∂rt...',15.363533333333333,'GC25KTH','2',47.142633333333336),
('2','small','Zug um Zug',15.340833333333332,'GC5RXDP','1.5',47.12883333333333),
('4','micro','.--..',15.460333333333333,'GC62499','2',46.983666666666664),
('2','small','Ich bin ein Cache, holt mich hier raus!',15.4705,'GC2Q43F','3',46.98491666666666),
('1.5','regular','Halloween - Hello Wien',15.5373,'GCKTEY','1.5',47.013133333333336),
('1.5','micro','Christophorus Flugrettung (C-12)  ',15.447133333333333,'GC1WKPN','2',46.98211666666667),
('2','small','An der Mur reloaded',15.339083333333333,'GC6B3T1','3',47.1287),
('2.5','micro','omiT5#2',15.540316666666667,'GC3M8VR','5',47.0146),
('2','small','R√ºckhaltebecken R√∂tzbach ',15.316133333333333,'GC3AT4K','2',47.104083333333335),
('2.5','micro','Das Rohr',15.340166666666667,'GC59N32','2',47.13163333333333),
('2.5','micro','Riesstra√üe',15.562983333333333,'GC27H98','2.5',47.102383333333336),
('4','small','Schl√ºssel der Verzweiflung (Stmk.)',15.325,'GC4NJRM','2',47.11833333333333),
('1.5','regular','Wappenfichte',15.572183333333333,'GCJ29R','2.5',47.07155),
('3.5','micro','Lost Place Einkaufszentrum',15.339716666666666,'GC68K56','1.5',47.1332),
('2','micro','Gratkorner Park',15.342283333333333,'GC4H1B6','1.5',47.135083333333334),
('2','regular','Das Grab des Attila',15.478366666666666,'GC3N2PE','2.5',46.98315),
('1.5','micro','Arche Noah',15.3757,'GC1Q01X','1.5',46.98823333333333),
('2','small','An der Copacabana',15.458833333333333,'GC1WYJ4','2',46.9787),
('2','small','Klopf klopf',15.450849999999999,'GC38Y03','3',47.16368333333333),
('1.5','micro','NotMyFav',15.306833333333334,'GC5TZG6','1.5',47.04461666666667),
('1.5','small','DER INNERE SCHWEINEHUND #2',15.57525,'GC4EFB9','2.5',47.081133333333334),
('1.5','small','Rastplatz Lassnitzh√∂he',15.575933333333333,'GC3QQXM','1.5',47.06336666666667),
('1.5','regular','Lovetree Geburtstagscache',15.575566666666667,'GC4XEJ3','1.5',47.08141666666667),
('2','regular','LEGOLAND',15.5101,'GCNBTQ','2.5',46.99015),
('2','small','Bakterien & Co',15.323133333333333,'GC26CRW','2',47.01801666666667),
('2','small','DOKTOR DOLITTLE',15.51405,'GC1A1X5','2',46.9915),
('1.5','small','Erhardh√∂he 1049m',15.445216666666667,'GC5V8EB','3',47.16546666666667),
('3','small','Superhirn(e)',15.333166666666667,'GC38DYY','2',47.13333333333333),
('1.5','micro','Free Gustus',15.334916666666667,'GC3TBXW','1.5',47.13563333333333),
('2.5','large','Am Bichlbach',15.34635,'GC4HXH1','2',47.14393333333334),
('3','regular','zu gross, zu klein, so muss das sein!',15.34965,'GC501K4','5',47.145833333333336),
('1.5','small','DER INNERE SCHWEINEHUND #1',15.579533333333334,'GC4EFAK','2.5',47.078183333333335),
('2','small','Heraldik',15.363183333333334,'GC1B90C','2',46.988683333333334),
('2','micro','Kapelle Breitenhilm',15.547516666666667,'GC5XYY5','1.5',47.0088),
('1.5','small','Generationenpark',15.518816666666666,'GC4NATW','1.5',46.990916666666664),
('2.5','small','Little Red Bastard',15.32625,'GC3K90B','4',47.130766666666666),
('1.5','regular','LP:LILITHS Refugium',15.397916666666667,'GC41CXA','1.5',46.977583333333335),
('1.5','small','Im Zentrum',15.581266666666666,'GC1T0K9','2.5',47.07731666666667),
('1.5','small','Familienausflug Streichelzoo',15.48855,'GC3FCR4','1.5',46.97945),
('3','small','Catch-it Radroute Graz-Umgebung',15.322933333333333,'GC6MQDH','2.5',47.12915),
('1.5','micro','Spore94 - Stretch your Legs',15.58165,'GC35RVG','1.5',47.06453333333333),
('1.5','small','2 Verliebte',15.30455,'GC627EQ','2',47.10713333333333),
('2.5','regular','Wanderung durch Vasoldsberg I',15.535366666666667,'GCN5F9','3',46.99818333333333),
('2','micro','Abstellen und Weiter',15.322133333333333,'GC6D673','1.5',47.12936666666667),
('1.5','micro','Paul****s First',15.30655,'GC627E5','1.5',47.1113),
('1.5','micro','der Achteckstadel',15.556433333333333,'GC5XF1Q','1.5',47.0139),
('1.5','small','DER INNERE SCHWEINEHUND #3',15.582233333333333,'GC4EFBQ','2.5',47.08116666666667),
('1.5','small','Zweigelt',15.302466666666668,'GC3T1XB','2',47.03613333333333),
('2.5','small','Forest Walk V',15.417316666666666,'GC24PQK','3.5',47.16896666666667),
('2','regular','Hol****s der Geier',15.4152,'GC2HHYP','3.5',47.16875),
('1.5','large','Supercalifragilisticexpialigetisch',15.332416666666667,'GC11RYF','3',47.139266666666664),
('1.5','micro','wohnDNA',15.32865,'GC370ND','1.5',47.1368),
('2','micro','Mach mal Pause  / Time for a break ‚Äì A9 via South',15.4289,'GC5ZVYF','2.5',46.97123333333333),
('1.5','small','Zigeunerh√∂hle',15.3303,'GC2TGG8','4',47.13875),
('3','small','Hausmannst√§tten',15.525483333333334,'GC5DRRG','3',46.989983333333335),
('2','micro','Michael****s First',15.303383333333333,'GC57Y3M','2',47.11128333333333),
('3','large','Gratwein Plankenwarth Judendorf',15.318166666666666,'GC6FTCW','3.5',47.12935),
('2.5','micro','B√§renhunger',15.472766666666667,'GC3N6JC','1.5',46.97303333333333),
('1.5','micro','Mehrzweckhalle Vasoldsberg',15.5637,'GC60B0B','1.5',47.01743333333334),
('1.5','regular',''STREIF'- The Cache',15.562333333333333,'GC23GV0','2.5',47.12591666666667),
('3.5','small','Styria',15.391666666666667,'GC4GFHA','1.5',46.975),
('2.5','small','Handyshop Multi',15.322083333333333,'GC6HJZ5','1.5',47.1335),
('2','regular','Park Rannach',15.404583333333333,'GC4ZPGW','3',47.16928333333333),
('2','micro','Fr√ºhlingsspaziergang',15.33,'GC6ER10','1.5',47.14033333333333),
('1.5','small','OrDiWeGeRe',15.355733333333333,'GC4KPH5','2.5',46.98641666666666),
('1','micro',''JUWEL'',15.2992,'GC5Z5Z3','1.5',47.0347),
('2.5','small','Ganzjahreswandertag',15.559033333333334,'GC6620F','3.5',47.011316666666666),
('1.5','small','Sch√∂cklland # 3',15.472566666666667,'GC2BMC3','1.5',47.16996666666667),
('5','micro','P13#1099 Lebowski****sLostPin',15.379466666666668,'GC4AXTA','5',47.1645),
('2.5','small','Sch√∂ne Aussichten',15.523433333333333,'GC6CZE7','3',46.986716666666666),
('3','large','Zicke Zacke H√ºhnergacke',15.388333333333334,'GC6N9XR','2',46.97425),
('2','micro','new Asfinag-Rastplatz A9, Premst√§tten ',15.431283333333333,'GC551E8','2',46.96853333333333),
('4.5','small','The Eye of the Needle',15.381216666666667,'GC3RWKE','5',47.16563333333333),
('1.5','micro','UNTEN DURCH',15.322,'GC5RPBA','1',47.1366),
('2','small','Against the Clock',15.589166666666667,'GC6R1R5','3.5',47.0787),
('2','regular','The Ditch',15.28725,'GC1R068','2.5',47.078266666666664),
('2','micro',''Die Waldquelle'',15.589683333333333,'GC1YP3F','1.5',47.0794),
('2','small','Blick auf Kumberg #2',15.480433333333334,'GC57AXF','2.5',47.1707),
('2.5','micro','cherry hall - kirschenhalle',15.295266666666667,'GC4AQZB','2',47.03375),
('1.5','small','DER INNERE SCHWEINEHUND #4',15.591166666666666,'GC4EFCB','2.5',47.07801666666667),
('1.5','regular','DER INNERE SCHWEINEHUND HAT KEINE CHANCE',15.59145,'GC4EFEJ','2.5',47.074016666666665),
('1.5','micro','5 Teiche ',15.5921,'GC6NFVF','2',47.068416666666664),
('2','small','Die Spinnenh√∂hle',15.297,'GC4QQRQ','3',47.11233333333333),
('1.5','small','Feed the ducks',15.328583333333333,'GC2RXQ1','1.5',47.144466666666666),
('5','large','Cryptomaniac #bonus',15.429433333333334,'GC1D75G','2.5',47.17556666666667),
('1.5','small','Forest Walk IV - Novystein',15.47555,'GC24N7V','2',47.172666666666665),
('2','small','Heimwege',15.30515,'GC1Q7GE','2.5',47.1235),
('1.5','small','Wir hab****n den B√§r****n so gern',15.323933333333333,'GC4E18B','1.5',47.1418),
('1.5','small','sgsracer****s walkaround #4 - Welcome to Freudenegg',15.515633333333334,'GC36WYE','1.5',46.97956666666666),
('1.5','small','Chicken Hill 'Reloaded'',15.547533333333334,'GC44KAE','2',46.99575),
('2','small','Styria Karting',15.443766666666667,'GC2NC1G','1.5',46.9651),
('1.5','small','Hubertus-Kapelle',15.3812,'GC4729K','2',47.16925),
('2','regular','Viewpoint Gratwein „ÉÖ',15.318616666666667,'GC49JV6','3.5',47.13876666666667),
('1.5','small','DER INNERE SCHWEINEHUND #5',15.593666666666667,'GC4EFCN','2.5',47.07795),
('1.5','small','Leichter Cache nahe Fernitz',15.493433333333334,'GC6ERR0','1.5',46.97161666666667),
('1.5','micro','Teichh√ºtterweg',15.289966666666666,'GC5E86F','2',47.104366666666664),
('1.5','regular','√úber Sieben Br√ºcken musst Du gehn',15.494033333333334,'GC6DQY7','2.5',46.970816666666664),
('2','small','Fernitz Zentrum',15.4991,'GC5JH1Z','1.5',46.97176666666667),
('2','micro','LP Die kleine Wanze ',15.2863,'GC66WR2','2',47.10058333333333),
('2','micro','Naschgarten',15.506616666666666,'GC58DBK','2',46.97355),
('2','small','Klingerteich',15.393483333333334,'GC622CN','2.5',46.967283333333334),
('4','small','12',15.47945,'GC4WP69','3',47.17511666666667),
('1.5','small','Nachtspaziergang',15.48735,'GC5P30D','2.5',46.968),
('2.5','small','Mud Walking',15.374883333333333,'GC1MMPJ','3',46.97163333333334),
('2','small','Geist des Waldes',15.293533333333333,'GC6F9TR','2.5',47.1155),
('2','regular','Wanderung durch Vasoldsberg II',15.583583333333333,'GCNGX2','2.5',47.02693333333333),
('2','regular','St Oswald-Multi ',15.280916666666666,'GC5HG83','1.5',47.088366666666666),
('1.5','small','sgsracer****s walkaround #3 - Top of Chicken Hill',15.536266666666666,'GC37ZBK','2',46.98511666666667),
('2','regular','Das 2. Jahrhundert von H√∂rgas',15.31115,'GC1EW8P','1.5',47.13725),
('2.5','small','Schl√∂ssertrio Hitzendorf',15.290183333333333,'GC3JT6V','2.5',47.029183333333336),
('1.5','small','Eggenberg',15.33815,'GC3XBF9','2.5',47.1561),
('1.5','small','Schloss Dornhofen bei Hart/Purgstall',15.559283333333333,'GC3E3XN','1.5',47.14298333333333),
('5','micro','Es ranken sich viele Sagen um Elektra',15.538233333333332,'GC3QJRV','1.5',47.1572),
('1','large','TB Hotel La√ünitzh√∂he',15.5987,'GC1EXH5','1.5',47.058283333333335),
('2','small','An eight around Kumberg: Past, present, future?',15.5353,'GC63F1D','2.5',47.15911666666667),
('1.5','regular','B√§ckerseppl',15.315666666666667,'GC17XKX','2.5',47.142966666666666),
('1.5','small','sgsracer****s walkaround #1 - Das Bacherl',15.51655,'GC373Y5','2',46.97421666666666),
('2','small','Forget your sorrows: Let****s walk around Kumberg',15.533666666666667,'GC4Z9E0','2.5',47.16016666666667),
('2.5','small','Geist des Wassers (reloaded)',15.29505,'GC6GZX8','2.5',47.122933333333336),
('2','small','P13#0548 GLPT#C',15.327016666666667,'GC4AXR2','3.5',47.15156666666667),
('1.5','small','Der alte Riese',15.53425,'GC3EWXX','1.5',47.160266666666665),
('2','small','White Chapel on the hill',15.301449999999999,'GCMNCR','2',47.1308),
('1.5','small','Atme dich frei',15.307033333333333,'GC4WRYX','1.5',47.13633333333333),
('3','regular','back to the 'roots'',15.58365,'GC414NC','2.5',47.021033333333335),
('1.5','micro','#161 - Tour de Mur',15.323716666666666,'GC50XP3','1.5',47.14966666666667),
('1','micro','Puch 125 RL Bj 1954 #1 Jungfernfahrt',15.574333333333334,'GC2ZWF0','1.5',47.1321),
('1.5','small','Indianerberg',15.511983333333333,'GC6239A','1.5',46.97161666666667),
('2.5','small','Bon voyage',15.475283333333334,'GCE726','2.5',47.1793),
('2','small','Blick auf die Lehmgrube',15.392116666666666,'GC622E4','2.5',46.9634),
('2','small','Wunderwanderweg  Station 5   Heavy loaders',15.276083333333334,'GC2Z1FR','1.5',47.0515),
('1.5','micro','Baumcache an der Mur',15.3235,'GC6EQWK','5',47.15145),
('2.5','regular','JAPANQUEST#1',15.568516666666667,'GC1J7GW','1.5',47.00185),
('2','small','Freundschaft',15.52155,'GC5WA83','2',47.16798333333333),
('1.5','micro','Zentrum f√ºr Chaosforschung',15.481266666666667,'GC6DR5P','1.5',46.96211666666667),
('1.5','regular','Piep!!  Das nervt',15.367666666666667,'GC4G3PY','2',47.17265),
('2.5','regular','zeiths Hochzeitscache',15.314566666666666,'GC6WX81','3',47.145583333333335),
('2','small','Radtrip Kalsdorf ‚Äì Graz',15.479033333333334,'GC4JC21','1.5',46.96138333333333),
('2.5','regular','√Ñgidius das Schlossgespenst',15.290216666666666,'GC6M950','2.5',47.12155),
('3','small','Geisterbahn',15.29275,'GC6QT3D','1.5',47.12501666666667),
('2','small','F6971w4l1',15.543333333333333,'GC4V274','1.5',47.15833333333333),
('2','small','Well  Welt  Kumberg',15.5431,'GC1189R','2',47.159333333333336),
('2','small','Steiermark Quiz',15.493333333333334,'GC5AKMW','1.5',46.9635),
('2','small','Geist der L√ºfte',15.286116666666667,'GC6FYH3','2.5',47.11776666666667),
('1.5','small','Jo wir san mit****n Radl do',15.484033333333333,'GC6DR7A','1.5',46.96143333333333),
('1.5','micro','Hartweber - Cache',15.270933333333334,'GC6QDE3','1.5',47.06875),
('2.5','micro','Schwammerlwald ( wood of mushrooms )',15.46565,'GC63RQK','1.5',46.9583),
('2','regular','Sch√∂cklhex',15.433766666666667,'GC8017','2.5',47.18481666666667),
('1.5','regular','Wunderwanderweg    Finale',15.272383333333334,'GC2Z1KH','1.5',47.05495),
('2','regular','Gsoller',15.3176,'GC6KRVC','2.5',47.150166666666664),
('1.5','not','Wunderwanderweg  Station 4   Sprie√üling',15.27385,'GC2Z1C2','1.5',47.047916666666666),
('2','small','Der sch√∂nste Kalvarienberg der Steiermark',15.488566666666667,'GC3DB66','2',47.180083333333336),
('3','small','In Memoriam H√∂f-Pr√§bach',15.6003,'GC6046Z','2.5',47.1016),
('3.5','regular','Sp√§te Einsicht!! (Nachtcache)',15.514616666666667,'GC39HWD','3',46.96875),
('1.5','micro','Hafenbergweg - Kapelle',15.270116666666667,'GC6KZ2B','1.5',47.066),
('2','small','Burgstall Helfenstein',15.3164,'GC6JM2Y','3',47.15023333333333),
('2.5','small','St. Radegund bei Graz',15.489766666666666,'GC51PA6','1.5',47.18066666666667),
('1.5','micro','Wunderwanderweg   Station 1    Wandervogel',15.2705,'GC2Z1B9','1.5',47.05603333333333),
('1.5','micro','#160 - Tour de Mur',15.319733333333334,'GC50XNR','1.5',47.15311666666667),
('1.5','small','√úbern`n R√∂tschbach',15.3282,'GC1T2T7','4.5',47.15886666666667),
('3','other','Der Stein der Weisen',15.317716666666666,'GC3FVXG','2.5',46.9892),
('1.5','small','Wunderwanderweg  Station 2  Baum der Worte ',15.270566666666667,'GC2Z1BM','1.5',47.0512),
('1','micro','Birds in the sky - VOR GRZ',15.444766666666666,'GC1P0KW','1.5',46.95495),
('2','small','Kaiserwald Multi',15.39465,'GC29Z8P','1.5',46.958133333333336),
('3','small','Blick auf Kumberg - Bonus',15.483333333333333,'GC57B7K','1.5',47.18333333333333),
('2','small','Hero****s Cross',15.6094,'GCVT2J','2',47.06648333333333),
('4','small','Pulse',15.594183333333334,'GC21VGT','3.5',47.11963333333333),
('2.5','regular','Seil frei! 2.0',15.491333333333333,'GC6KPE4','3.5',46.95961666666667),
('2.5','regular','Safari am Eggenberg',15.3346,'GC3TZNM','2.5',47.164033333333336),
('3','regular','Regina atra',15.539966666666666,'GC1KB5P','3',47.165733333333336),
('1.5','micro','Wunderwanderweg  Station 3  narrische Schwammerl',15.2692,'GC2Z1BV','1.5',47.047383333333336),
('2','micro','Einer von Zwei',15.49435,'GC6CH21','2.5',46.95933333333333),
('1.5','small','H√∂llenfeuer / Hellfire',15.6111,'GC631V9','2.5',47.06231666666667),
('1','small','Fernitz-Mellach',15.504316666666666,'GC5JG5W','1.5',46.961016666666666),
('1','micro','TEML',15.344016666666667,'GC1BCC2','1',46.97063333333333),
('2','small','Lost Place - Schie√üst√§tte Kaiserwald',15.407033333333333,'GC225GH','2',46.9536),
('2','small','Niedersch√∂ckl',15.434266666666666,'GC3MA79','3',47.189933333333336),
('1.5','micro','507 Lieboch',15.33675,'GC4AXPV','1',46.97346666666667),
('1.5','regular','angupa¬¥s Sch√∂ckeltouren Cache #06',15.4649,'GC3G34J','2.5',47.188966666666666),
('1.5','regular','Johann-Waller H√ºtte - M√§rchenwald',15.449816666666667,'GC23ZHG','2',47.19015),
('1.5','micro','#159 - Tour de Mur',15.31615,'GC50XNB','1.5',47.15696666666667),
('3','regular','Helmi, Geist der Sinne',15.27535,'GC6JBC7','2.5',47.11615),
('1.5','large','Murmelbonus',15.490183333333333,'GC6DRV0','2.5',46.95605),
('2','small','Topview Wei√üeck',15.353533333333333,'GC4VPT2','3',47.17626666666666),
('2','small','Catch-it Radroute Lieboch - Voitsberg',15.3455,'GC6NTDZ','2.5',46.96795),
('2','small','Vitamin-Tankstelle',15.3255,'GC3MZC7','1.5',46.97761666666667),
('1.5','micro','Noch ein Postmeilenstein',15.326216666666667,'GC44AJE','1.5',47.16458333333333),
('1','small','FriedWald Sch√∂ckelland',15.521216666666668,'GC6Q5B3','2',47.17778333333333),
('1.5','micro','Fire Dept. Friesach-W√∂rth',15.336866666666667,'GC3B5G2','1',47.17008333333333),
('2','regular','Palindrom',15.3379,'GCND2F','3.5',47.17053333333333),
('2','small','Ungarische Runde',15.488683333333334,'GC5DT2X','2',47.18695),
('2','small','Das geheime Leben der Worte',15.287716666666666,'GC51C2K','1.5',47.1355),
('2.5','small','Oesterreichisches Freilichtmuseum',15.3162,'GC1B43P','2',47.159083333333335),
('1.5','small','angupa¬¥s Sch√∂ckeltouren Cache #01',15.484266666666667,'GC3E3WM','2',47.188116666666666),
('1.5','regular','Tegetthoff-Stein',15.4795,'GC3EZ1K','2',47.189233333333334),
('2','small','Stift Rein',15.286683333333333,'GC1G4QG','2',47.13558333333334),
('2','regular','Die drei Nadelb√§ume am Bacherl',15.5527,'GC5AFX8','2',47.16473333333333),
('4','small','Around the world 4 - Stadiums',15.326666666666666,'GC3WZEA','2.5',47.16665),
('1.5','small','Codex Geocaching',15.28435,'GC6M940','2',47.13415),
('2','small','II CSA',15.294166666666667,'GC44FEQ','1.5',47.14416666666666),
('2','small','Blick auf Kumberg #1',15.498583333333332,'GC53FV4','2',47.1863),
('1.5','small','Rockcrawler',15.489583333333334,'GC62NPV','3.5',47.1883),
('2','small','ElektroLux',15.2907,'GC3W29D','1',47.141016666666665),
('2.5','regular','JAPANQUEST#2',15.570366666666667,'GC1J7GZ','1.5',46.987033333333336),
('3.5','small','Take a break - Take a seat',15.290883333333333,'GC53W9T','1.5',46.99975),
('4','small','Spionage',15.325,'GC6F9WA','2.5',47.166666666666664),
('2','large','TB HOTEL 8103 WEINGARTLEITEN',15.293233333333333,'GC5WKPQ','1',47.14525),
('2','small','Bartlm√§√§ Multi',15.2563,'GC438TH','1.5',47.07098333333333),
('1.5','micro','Awesome View 1',15.614866666666666,'GC3G0WB','2',47.0407),
('1','large','Willi Betz',15.338483333333333,'GC3KHMA','3',46.966966666666664),
('2','small','In the fields',15.454133333333333,'GC3GZ3Z','3',46.9471),
('2.5','micro','S√∂ding Cache Neu',15.2894,'GC4AWGT','1.5',46.99921666666667),
('1.5','micro','Hubertuskapelle',15.255783333333333,'GC68GC7','2',47.0663),
('3','small','LeGend√§r Pa 2',15.281366666666667,'GC4N6Y2','3',47.135083333333334),
('2','small','Postmeilensteine an der Ungarischen Stra√üe #2',15.613966666666666,'GC2MT1F','2.5',47.1059),
('3','micro','Leitpflock #70',15.456666666666667,'GC1HP03','1.5',46.946666666666665),
('2','micro','Nah am Wasser',15.499066666666666,'GC689AY','3',46.95316666666667),
('2','small','angupa¬¥s Sch√∂ckeltouren Cache #02',15.477533333333334,'GC3E3W8','3.5',47.193266666666666),
('1.5','regular','Der Bunker',15.613366666666666,'GC2AYBA','2.5',47.0317),
('1.5','micro','#158 - Tour de Mur',15.318583333333333,'GC50XMY','1.5',47.16643333333333),
('2.5','small','zum 1000sten',15.2798,'GC1XMPE','3.5',47.13615),
('1','regular','Zukunft vor Ort - N√∂rdlichster Punkt',15.316633333333334,'GC4BF17','1.5',46.97558333333333),
('1.5','micro','Wehrhof W√ºrzelberg',15.524716666666666,'GC6MHJR','1.5',47.18285),
('1.5','small','Hallo Sender Dobl...bitte melden...',15.381266666666667,'GC6H1YX','1.5',46.95015),
('2','small','Blick auf Kumberg #3',15.539616666666667,'GC57AXY','1.5',47.177233333333334),
('2.5','regular','JAPANQUEST#3',15.55555,'GC1J7H0','1.5',46.97221666666667),
('1','large','TB Hotel A9/S35/B67',15.328916666666666,'GC6RDQ5','1.5',47.17378333333333),
('1.5','micro','#168 - Tour de Mur',15.489283333333333,'GC513A2','1.5',46.94845),
('2','small','Lebenselixier',15.608916666666667,'GC5H0QF','1.5',47.122816666666665),
('2','small','Moosschlucht',15.613433333333333,'GC51RJN','3',47.11555),
('2','small','Ulrichskirche',15.2783,'GC1XAKM','2.5',47.13685),
('2','small','Albertinenquelle / Albertinenfountain',15.494733333333333,'GC3DBA6','3',47.19241666666667),
('2','small','harrylime - Ausgesetzt im Fluss',15.335983333333333,'GC4RMRX','4',46.96391666666667),
('1.5','small','Genoveva-Kapelle',15.268633333333334,'GC1XAK5','2',47.125233333333334),
('2','small','Fieser als Pisa - Deutsch',15.611666666666666,'GC48E8N','1.5',47.12),
('1.5','regular','KLAMMheimlich',15.520366666666666,'GC1NCCZ','2.5',47.18606666666667),
('1','micro','Hahnkogel',15.474483333333334,'GC3T349','2',46.944966666666666),
('3.5','small','Der kleinste Berg der Welt',15.459783333333334,'GC1ZBC8','3.5',47.19833333333333),
('1.5','small','Oma¬¥s Pl√§tzchen',15.29575,'GC56G81','2',47.155316666666664),
('2.5','small','Sch√∂cklland # 7',15.461333333333334,'GC2JKFX','2.5',47.19891666666667),
('2','small','Sch√∂cklland # 4',15.469866666666666,'GC2C03X','2',47.198233333333334),
('1','regular','Pupsimausi¬¥s Postkasterl',15.61055,'GC65V1N','1.5',47.12511666666666),
('1.5','micro','Zug um Zug',15.282833333333333,'GC48HDG','1.5',46.9968),
('2','regular','Hochsitz',15.622466666666666,'GC3KGT0','2.5',47.03913333333333),
('1.5','regular','Sch√∂ckl Tradi',15.463633333333334,'GC1G815','1.5',47.199283333333334),
('2.5','regular','Rund um Schloss Gjaidhof',15.378116666666667,'GC63QEA','2',46.94748333333333),
('3.5','regular','Johann Joseph Fux',15.62745,'GC1EXJ5','2.5',47.054066666666664),
('1.5','micro','#157 - Tour de Mur',15.319466666666667,'GC50XMH','1.5',47.1727),
('1.5','small','MeFloGe',15.274516666666667,'GC4CWV9','3',47.13786666666667),
('1.5','micro','Mach mal Pause  / Time for a break ‚Äì A9 via North',15.45725,'GC5ZVWK','2',46.9413),
('1.5','small','angupa¬¥s Sch√∂ckeltouren Cache #03',15.480266666666667,'GC3ED4J','3',47.19786666666667),
('3','small','Panoramablick',15.466666666666667,'GC57CTM','2.5',47.2),
('2','small','Jakobsbach',15.525816666666667,'GC4PYJG','2',46.95418333333333),
('1.5','small','Schoeckl Sued-Ost',15.477516666666666,'GC1AN7Z','4.5',47.1995),
('3','micro','Fuchs du hast den Dachs(er) bestohlen!!! (2) ',15.462533333333333,'GC4TYVP','2',46.94043333333333),
('2.5','small','Abw√§rts',15.246333333333334,'GC3QWHG','5',47.08585),
('2.5','regular','Pfaffenkogel',15.316016666666666,'GCJ18A','4',47.172666666666665),
('3','small','Radio',15.290783333333334,'GC5VZGV','2',46.985733333333336),
('2','small','LOLA',15.33,'GC5JN7A','2',47.18),
('2','small','angupa¬¥s Sch√∂ckeltouren Cache #09',15.47965,'GC3HZT3','2',47.19968333333333),
('2','small','Sch√∂cklland # 5',15.47145,'GC2EJ0J','2',47.20101666666667),
('2.5','small','Surprise',15.387266666666667,'GC4B7EQ','3',46.94305),
('1','small','Besinnung',15.614466666666667,'GC5GJEC','1.5',47.127516666666665),
('1.5','micro','#156 - Tour de Mur',15.321133333333334,'GC50XM7','1.5',47.17701666666667),
('1.5','micro','Magna Powertrain Lannach',15.33585,'GC6WT57','1.5',46.957766666666664),
('2','small','silence is golden',15.614616666666667,'GC4W5KT','1.5',47.0138),
('2.5','small','angupa¬¥s Sch√∂ckeltouren Cache #08',15.46805,'GC3Q7J7','2',47.2024),
('3.5','regular','Sch√∂cklland 1',15.477733333333333,'GC29XNB','3.5',47.20125),
('1.5','small','380-kV [26] Wutschdorf',15.527433333333333,'GC4TNQ3','1.5',46.9522),
('2','micro','Lost Place Kaiserwald Siedlung',15.40865,'GC5JX3Z','2.5',46.93816666666667),
('2','not','Kleines Wetterloch',15.469233333333333,'GC4558Y','2.5',47.203383333333335),
('2.5','regular','Steintor',15.403566666666666,'GC87A2','3.5',47.20305),
('4','other','Der Froschk√∂nig im Kraftwerk Friesach',15.337166666666667,'GC3EZ6W','2.5',47.1862),
('2.5','small','Kraftwerk Kalsdorf',15.503833333333333,'GC4RWQ2','2.5',46.943666666666665),
('1.5','small','Need a Lift ?',15.46115,'GC36QN0','2.5',47.2048),
('4.5','regular','Die Verfolgung des Chemikalienm√∂rders',15.335766666666666,'GC4706P','3.5',47.186733333333336),
('2','regular','Kran',15.2703,'GC54TYD','1.5',46.99845),
('1.5','regular','Sch√∂cklland # 2',15.485983333333333,'GC2B772','1.5',47.20258333333334),
('2.5','regular','30',15.39825,'GCP97K','2.5',47.20395),
('2','small','Rundgang am Gamskogel',15.319966666666666,'GC6JP8A','3.5',47.18035),
('2','regular','Nasse F√ºsse',15.2677,'GC1TXQY','2',47.141616666666664),
('1.5','regular','Cook****s Corner I',15.6202,'GC198N5','2',47.0144),
('3','small','S‚Äò Lahnwaberl',15.282566666666666,'GC4DW2J','1.5',46.98511666666667),
('1.5','regular',''Lost Place SCH√ñCKEL - NORDLIFT'',15.459016666666667,'GC2YZ50','1.5',47.206583333333334),
('2','small','1040th',15.461816666666667,'GC414PZ','2.5',46.934916666666666),
('2','micro','Ein besonderes Hotel',15.295383333333334,'GC3H7MB','2',46.97456666666667),
('2','small','Hier regiert der SV Dobl--hier regiert der SV Dobl',15.37405,'GC6H21G','2',46.94085),
('2','small','Themenweg Stenzengreith',15.516066666666667,'GC5YQVN','2.5',47.19736666666667),
('2','micro','Ohne Moos nix los',15.28055,'GC148Y9','1',46.98558333333333),
('1.5','small','Aufi Aufn Kogel #Beim Bach',15.319583333333334,'GC6QHQC','3',47.18181666666667),
('2','regular','Lost Place Waldhalle Kaiserwald',15.40855,'GC3DAZW','1.5',46.935),
('2','small','Schoeckl-Top',15.484966666666667,'GCKPC6','2.5',47.20446666666667),
('3.5','micro','Digital Bridges Bonus',15.242816666666666,'GC3WZWC','1.5',47.0371),
('4','small','Digital Bridges',15.242816666666666,'GC3WZVP','3.5',47.0371),
('3.5','micro','Kapit√§n Jack Seymour',15.275916666666667,'GC54V1G','1.5',46.989266666666666),
('1.5','micro','Found Steintor!',15.4,'GC6GV5Q','5',47.206),
('3.5','small','Dr√ºber und Drunter',15.318266666666666,'GC4BKG3','1.5',46.95981666666667),
('1.5','other','380-kV [27] Krumegg',15.628616666666666,'GC4VD22','2',47.02401666666667),
('3','small','LeGend√§r Pa 1',15.265,'GC4N6WK','3',47.14255),
('3','regular','Dunkle Zeiten',15.4066,'GC49CRR','4',46.93418333333334),
('2','small','The Dark Side - Codename 'Marmor'',15.357533333333333,'GC1J1DP','2.5',47.19795),
('3.5','small','Chacun √† son go√ªt',15.463333333333333,'GCT7RB','2.5',46.93333333333333),
('1.5','small','Alle meine Entchen',15.345,'GC69R8Y','2',47.1945),
('2.5','small','Aufi Aufn Kogel #Boni',15.31665,'GC6QHQ3','3.5',47.18331666666667),
